"place_id","place_name"
"605","189, United States"
"1143","75004 Paris, France"
"1439","75191 Paris, France"
"616","AR, United States"
"1415","AZ, United States"
"929","Aachen, Germany"
"204","Aarhus, Denmark"
"1529","Aberdeen, United Kingdom"
"1442","Abergale, United Kingdom"
"1610","Abertillery, United Kingdom"
"60","Abingdon, United Kingdom"
"1026","Accrington, United Kingdom"
"24","Ada, MI, United States"
"1530","Addlestone, United Kingdom"
"416","Adelaide, Australia"
"1235","Ahmedabad, India"
"1520","Akron, OH, United States"
"1328","Akron, Ohio, United States"
"68","Alabama, United States"
"28","Alameda, CA, United States"
"1200","Albany, GA"
"577","Albany, NY, United States"
"1380","Albany, United States"
"267","Alberta, Canada"
"1083","Albuquerque, N.M, United States"
"135","Albuquerque, NM, United States"
"283","Alcester, United Kingdom"
"1238","Alcorcon, Spain"
"813","Aldershot, England, United Kingdom"
"1399","Alexadria, VA, United States"
"919","Alexandria, LA, United States"
"35","Alexandria, United States"
"1306","Alfriston, United Kingdom"
"1025","Alhambra, CA, United States"
"1217","Alicante, Spain"
"1445","Allen, TX"
"1481","Alpedetre, Spain"
"1555","Alresford, United Kingdom"
"872","Altringham, United Kingdom"
"1466","Alvechurch, United Kingdom"
"882","Amerherst, United States"
"338","Amherst, United States"
"1268","Amstelveen, The Netherlands, Netherlands"
"602","Amsterdam, Netherlands"
"944","Amsterdam, Netherlands, Netherlands"
"1383","Amsterdam, Netherlands, United States"
"814","Amsterdam, United States"
"1158","Ancaster, Canada"
"696","Andover, United Kingdom"
"211","Ann Arbor MI, United States"
"299","Ann Arbor, MI, United States"
"156","Ann Arbor, United States"
"360","Annopolis, United States"
"1296","Antwerp, Belgium"
"1089","Antwerp, Netherlands"
"221","Apex, NC, United States"
"600","Applecross, WA, Australia"
"1331","Arcadia, South Africa"
"502","Argentina"
"1326","Argyll, United Kingdom"
"1012","Arizona, United States"
"264","Arlington, United States"
"921","Armidale, Australia"
"938","Armonk, United States"
"215","Arnes, AI, United States"
"1121","Arnhem, Netherlands"
"1324","Arundel, United Kingdom"
"39","Asheville, United States"
"682","Ashford, United Kingdom"
"1477","Asker, Norway"
"309","Atglen, United States"
"186","Athens, Greece"
"805","Athens, United States"
"585","Atlanta, United States"
"1266","Auberry, United States"
"1609","Auchterarder, United Kingdom"
"567","Auckland, N.Z., New Zealand"
"354","Auckland, New Zealand"
"144","Austin, TX, United States"
"409","Austin, United States"
"53","Australia"
"1091","Austria"
"134","Axminster, United Kingdom"
"1463","Ayrshire, United Kingdom"
"394","BC, Canada"
"162","Bad Soden, Germany"
"1390","Badalona, Spain"
"1037","Badalona, United States"
"1066","Baden, Switzerland"
"232","Baden-Baden, Germany"
"1272","Ballarat, Australia"
"1596","Ballina, NSW, Australia"
"192","Baltimore, MD, United States"
"1378","Baltimore, MY, United States"
"257","Baltimore, United States"
"348","Bampton, United Kingdom"
"988","Bangkok, Thailand"
"488","Bangor, United States"
"560","Barcelona"
"256","Barcelona, Espana, Spain"
"147","Barcelona, Spain"
"329","Barcelona, Spain, Spain"
"976","Barcelona, United Kingdom"
"106","Barcelona, United States"
"1043","Barking, United Kingdom"
"340","Barnsley, United Kingdom"
"339","Basel, Switzerland"
"1279","Basingstoke, England, United Kingdom"
"92","Basingstoke, United Kingdom"
"779","Bath"
"172","Bath, United Kingdom"
"1357","Baton Rouge, United States"
"14","Bayeux, France"
"1157","Beachwood, United States"
"333","Bedford, United Kingdom"
"80","Bedfordshire, United Kingdom"
"523","Beeston, United Kingdom"
"985","Beijing, China"
"1350","Beiling, China"
"1245","Belconnen, ACT, Australia"
"238","Belfast, United Kingdom"
"1409","Bellevue, WA, United States"
"469","Bellingham, United States"
"207","Belmont, CA, United States"
"863","Beltsville, MD, United States"
"468","Berkeley"
"1337","Berkeley CA, United States"
"48","Berkeley, CA, United States"
"115","Berkeley, United States"
"140","Berkerley, United States"
"865","Berkley, United States"
"1188","Berks, United Kingdom"
"1291","Berkshire, United Kingdom"
"99","Berlin, Germany"
"212","Berlin/Boston"
"907","Berlin/Boston, Germany"
"1225","Berlin/Boston, United Kingdom"
"223","Bern, Switzerland"
"1022","Berne, United Kingdom"
"1041","Berne, United States"
"367","Berry, NSW, Australia"
"346","Bethesda, United States"
"1437","Beverley Hills, CA, United States"
"996","Beverly, MA, United States"
"997","Beverly, United States"
"331","Bhopal, India"
"573","Białystok, Poland"
"1174","Bideford, Devon, United Kingdom"
"1116","Bielefeld, Germany"
"1284","Bielsko Biała, Poland"
"1136","Bilbao, Spain"
"1501","Bilbao, United States"
"1001","Binda, Australia"
"822","Binghamton, United States"
"787","Bingley, United Kingdom"
"597","Bingley, United States"
"675","Birkenhead, New Zealand"
"1369","Birmingham, AL, United States"
"273","Birmingham, United Kingdom"
"693","Bishops Castle, United Kingdom"
"850","Bishopscastle, United Kingdom"
"826","Black Point, Nova Scotia, Canada"
"1302","Blaine, Canada"
"1208","Blaine, WA, United States"
"1127","Bletchingley, United Kingdom"
"29","Bloomington IN, United States"
"61","Bloomington, IN, United States"
"79","Bloomington, United States"
"1018","Bloxham, United Kingdom"
"1423","Blue Hill, United States"
"352","Boca Raton, FL, United States"
"1224","Bodicote, United Kingdom"
"1503","Bogart, United States"
"1098","Bologna, Italy"
"646","Bondi Junction, NSW, Australia"
"1071","Bonen, Germany"
"376","Boras, Sweden"
"176","Bosa Roca, United States"
"318","Boston, MA, China"
"241","Boston, MA, Singapore"
"1150","Boston, MA, United Kingdom"
"16","Boston, MA, United States"
"943","Boston, Mass, United States"
"51","Boston, United States"
"1580","Botchell, United States"
"1056","Bothell, WA, United States"
"672","Boulder, CO, United States"
"1192","Boulder, Colorado, United States"
"467","Boulder, United States"
"1504","Bournemouth, United Kingdom"
"908","Bowdon, United Kingdom"
"471","Bowling Green, United States"
"1014","Bowral, Australia"
"158","Boys Town, United States"
"837","Bracknell, United Kingdom"
"1539","Bradford-upon-Avon, United Kingdom"
"1194","Bramley, United Kingdom"
"866","Brampton Bryan, United Kingdom"
"74","Brandywine, United States"
"1287","Bratislava, Slovakia"
"1058","Bray, Ireland"
"1154","Brazil"
"1449","Brentwood, Tenn., United States"
"491","Bridgend, United Kingdom"
"1081","Bridgton, United States"
"1309","Bridgwater, United Kingdom"
"335","Bridport, United Kingdom"
"1251","Brighton, Australia"
"295","Brighton, United Kingdom"
"654","Brighton, United States"
"327","Brignorth, United Kingdom"
"95","Bristol, United Kingdom"
"1182","Broadway, Australia"
"464","Bromley, United Kingdom"
"1391","Bromma, Sweden"
"660","Brookfield, United States"
"580","Brookline, MA"
"1396","Brookline, United States"
"650","Brooklyn, NY, United States"
"296","Brooklyn, New York, United States"
"566","Brooklyn, United Kingdom"
"637","Brooklyn, United States"
"244","Broomall, PA, United States"
"249","Broomall, United States"
"1228","Brough, United Kingdom"
"640","Broughton-in-Furness, United Kingdom"
"572","Brussels, Belgium"
"1413","Bruxelles, Belgium"
"142","Buckingham, United Kingdom"
"645","Buckinghamshire, United Kingdom"
"548","Bucks, United Kingdom"
"1006","Budapest, Hungary"
"1120","Buenos Aires, Argentina, Argentina"
"495","Buffalo, United States"
"1599","Bulleen, VIC, Australia"
"848","Burleigh M.D.C., QLD, Australia"
"509","Burlington, Canada"
"1109","Burlington, United States"
"753","Burnley, VIC, Australia"
"200","Bury St Edmunds, United Kingdom"
"1615","By Spean Bridge, United Kingdom"
"492","Bydgoszcz, Poland"
"493","Bydgoszcz, United States"
"84","CA, United States"
"568","Caboolture, Australia"
"1054","Cairo, Egypt"
"706","Caithness, United Kingdom"
"153","Calcutta, India"
"595","Calgary, Canada"
"356","California, United States"
"353","Camarthen, United Kingdom"
"1325","Camberley, United Kingdom"
"399","Camberwell, Australia"
"234","Cambridge, MA, United States"
"477","Cambridge, Mass, United States"
"1542","Cambridge, Mass. [u.a.], United States"
"423","Cambridge, Mass., United States"
"70","Cambridge, United Kingdom"
"284","Cambridge, United States"
"128","Cambrudge, MA, United States"
"1517","Cambs, United Kingdom"
"123","Canada"
"274","Canberra, Australia"
"670","Canterbury, United Kingdom"
"136","Cape Town, South Africa"
"46","Carbondale, United States"
"1080","Cardiff, United Kingdom"
"487","Cardigan, United Kingdom"
"1162","Carlisle, United States"
"819","Carlsbad, CA, United States"
"402","Carlsbad, United States"
"959","Carlton North, Australia"
"459","Carlton, Australia"
"344","Carmarthen, United Kingdom"
"797","Carmel, United States"
"1607","Carnegie, VIC, Australia"
"1132","Carson, Calif, United States"
"1130","Castalla, Spain"
"1260","Castle Douglas, United Kingdom"
"1469","Catrine, United Kingdom"
"444","Center City, United States"
"694","Cessnock, NSW, Australia"
"59","Chalford, United Kingdom"
"44","Cham, Switzerland"
"1243","Champaign, IL, United States"
"15","Champaign, United States"
"130","Chapel Hill, United States"
"103","Charleston SC, United States"
"878","Charleston, SC, United States"
"942","Charleston, United States"
"88","Charlottesville, United States"
"563","Charnwood, Australia"
"1355","Chatham, United Kingdom"
"582","Cheam, Surrey, United Kingdom"
"240","Cheltenham, United Kingdom"
"520","Chennai, India"
"355","Cheshire, United Kingdom"
"180","Chicago, IL, United States"
"677","Chicago, Illinois, United States"
"289","Chicago, United States"
"385","Chicester, United Kingdom"
"832","Chichester, Australia"
"426","Chichester, United Kingdom"
"392","Chico, United States"
"300","China"
"894","Chinnor, United Kingdom"
"1230","Chobham, United Kingdom"
"867","Chorley, United Kingdom"
"1446","Christ Church, Barbados"
"1398","Christchurch, New Zealand"
"1047","Chuo-ku, Japan"
"82","Chur, Switzerland"
"802","Cilcain, United Kingdom"
"990","Cincinnati, OH, United States"
"1000","Cincinnati, United States"
"496","Cirencester"
"901","Cirencester, United Kingdom"
"1440","Clacton on Sea, United Kingdom"
"371","Claygate, United Kingdom"
"305","Clayton, VIC, Australia"
"443","Clearwater, United States"
"447","Cleveland, Australia"
"1181","Clifton Hill, Australia"
"76","Clifton Park, United States"
"1550","Clifton-upon-Teme, United Kingdom"
"581","Cloutarf, Ireland"
"594","Clovis, United States"
"1533","Co Durham, United Kingdom"
"917","Co Kildate, Ireland"
"1213","Co Wicklow, Ireland"
"1490","Co.Kildare, Ireland"
"411","Cobargo, NSW, Australia"
"844","Cobham, Surrey, United Kingdom"
"187","Col. Acacias, Mexico, D.F., Mexico"
"1537","Colayrac Saint Cirq, France"
"235","College Station, United States"
"50","Collegeville, MN, United States"
"745","Cologne, Germany"
"793","Colombo, Sri Lanka"
"748","Colombus, Ohio, United Kingdom"
"961","Colorado Springs, United States"
"152","Colorado, United States"
"570","Columbus, OH, United States"
"874","Columbus, Ohio, United Kingdom"
"1036","Concord, CA, United States"
"25","Concord, Canada"
"1016","Concord, United States"
"1584","Congleton, United Kingdom"
"1007","Connecticut, United States"
"260","Contoocook, United States"
"824","Conwy, United Kingdom"
"898","Copenhagen, Denmark"
"1405","Coral Gables, United States"
"188","Corby, United Kingdom"
"536","Cordoba, Spain"
"435","Cork, Ireland"
"994","Cornwall, United Kingdom"
"811","Corsham, United Kingdom"
"1099","Corte Madera, United States"
"774","Corvallis, OR, United States"
"1598","Costa Mesa, United States"
"55","Coulsdon, United Kingdom"
"521","County Dublin, Ireland"
"431","Coventry, United Kingdom"
"486","Cranbury, United States"
"914","Cresskill, United States"
"1153","Crestwood, NY, United States"
"1397","Crewe, United Kingdom"
"1544","Croxley Green, United Kingdom"
"1144","Cuauhternoc, Mexico"
"664","Cullompton, United Kingdom"
"5","Cully, France"
"1152","Culver City"
"1441","Cumbernauld, United Kingdom"
"1374","Cumnock, United Kingdom"
"27","Cupertino, United States"
"522","Dakar, Senegal"
"698","Dalbridge, South Africa"
"390","Dallas, United States"
"987","Darlinghurst, Australia"
"166","Darlington, United Kingdom"
"783","Darmstadt, Germany"
"453","Dartford, United Kingdom"
"652","Daylesford, Australia"
"757","Dearborn, United States"
"159","Deerfield Beach, FL, United States"
"1315","Delabole, United Kingdom"
"603","Delaware, United States"
"1411","Delft, Netherlands"
"635","Delhi, India"
"1417","Den Haag, Netherlands"
"1100","Denmark"
"1020","Denton, United States"
"776","Denver, United States"
"1614","Derby, United Kingdom"
"1261","Dereham, United Kingdom"
"345","Derry, United Kingdom"
"701","Detroit, MI, Australia"
"525","Detroit, MI, United States"
"1151","Detroit, United States"
"1556","Devizes, United Kingdom"
"1457","Devon, United Kingdom"
"1591","Dingley, Australia"
"952","Dingwall, United Kingdom"
"1045","Diss, United Kingdom"
"1603","Docklands, VIC, Australia"
"1195","Donostia - San Sebastian, Spain"
"1365","Dorchester, United Kingdom"
"85","Dordrecht, Netherlands"
"167","Dordrecht, Netherlands, United States"
"601","Dorligo della Valle, Italy"
"42","Dorset, United Kingdom"
"955","Double Bay, NSW, Australia"
"1484","Double Oak, United States"
"707","Drenthe, Netherlands"
"1118","Dresden, Germany"
"1336","Driffield"
"438","Dublin 8, Ireland"
"286","Dublin, Ireland"
"957","Dublin, Ireland, Ireland"
"1432","Dudley, United Kingdom"
"57","Dulles, United States"
"1229","Duluth, United States"
"1201","Dumfries & Galloway, United Kingdom"
"763","Dundee, United Kingdom"
"1412","Dunedin, New Zealand"
"1031","Dunsford, United Kingdom"
"1470","Dural, NSW, Australia"
"446","Durham, United Kingdom"
"659","Durham, United States"
"1122","Dusseldorf, Germany"
"351","Duxford, United Kingdom"
"1558","Dyfed, United Kingdom"
"887","EDMONTON, Canada"
"1290","Eagan, United States"
"1074","East Croydon, United Kingdom"
"810","East Lansing, MI, United States"
"913","East Melbourne, VIC, Australia"
"377","East Meon, Hampshire, United Kingdom"
"1003","East Petersberg, United States"
"950","East Roseville, Australia"
"773","East Sussex, United Kingdom"
"825","Eastbourne, United Kingdom"
"710","Edenbridge, United Kingdom"
"791","Edgware, United Kingdom"
"1368","Edina, MI, United Kingdom"
"261","Edina, MI, United States"
"270","Edina, MN, United States"
"287","Edina, United States"
"1190","Edinburgh"
"1414","Edinburgh, Scotland, United Kingdom"
"124","Edinburgh, United Kingdom"
"1373","Edison, United States"
"1367","El Dorado Hills, United States"
"1340","El Segundo, United States"
"916","Eldridge, United States"
"1527","Elizabeth, Australia"
"127","Elizabeth, United States"
"83","Elk Grove Village, United States"
"1015","Elmhurst, IL, United States"
"1206","Elmsford, United States"
"818","Ely, United Kingdom"
"1393","Emeryville, Canada"
"429","Emmaus, PA, United States"
"1458","Emmaus, United States"
"224","Enfield, United Kingdom"
"1407","Enghien-Edingen, Belgium"
"237","England, United Kingdom"
"891","Englewood Cliffs, NJ, United States"
"101","Englewood, United States"
"413","Erie, United States"
"1246","Erina, NSW, Australia"
"1329","Escondido, CA, United States"
"63","Essex, United Kingdom"
"7","Essex, United States"
"586","Eugene, OR, United States"
"820","Eugene, United States"
"118","Evanston, United States"
"86","Evergreen, United States"
"12","Exeter, United Kingdom"
"73","FL, United States"
"767","Fairfield, United States"
"1053","Faringdon, United Kingdom"
"262","Farmington Hills, MI, United States"
"667","Farmington Hills, Mich"
"1334","Farmington Hills, United States"
"483","Farmington, United States"
"121","Fayetteville, United States"
"480","Felsted, United Kingdom"
"1564","Ferndown, United Kingdom"
"1583","Ferntree Gully, VIC, Australia"
"1024","Finland"
"925","Finland, Finland"
"966","Firenze, Italy"
"1114","Fisherman's Bend, Australia"
"1605","Flagler Beach, FL, United States"
"1451","Florence, AL, United States"
"1531","Florence, Italy"
"627","Florence, KY, United States"
"621","Florence, United States"
"931","Florida"
"937","Florida, NY, United States"
"304","Florida, United States"
"951","Flyford Flavell, United Kingdom"
"982","Folkestone, United Kingdom"
"1344","Fort Collins, CO, United States"
"687","Fort Collins, United States"
"544","Fort Lee, United States"
"719","Fortworth, United States"
"578","Foster City, United States"
"735","France"
"1404","France, France"
"537","Frankfurt a.M., Switzerland"
"285","Frankfurt am Main, Germany"
"151","Frankfurt, Germany"
"918","Frankfurt, Germany, Germany"
"251","Frankfurt, Switzerland"
"1358","Fredricton, Canada"
"781","Freiberg, Germany"
"1588","Fremantle, WA, Australia"
"78","Frenchs Forest, Australia"
"533","Frenchs Forest, NSW, Australia"
"1528","Fresno, CA, United States"
"613","Fresno, United States"
"1511","Frinton-on-Sea, United Kingdom"
"1545","Front Royal, United States"
"625","Fruitland Park, United States"
"368","Fullerton, United States"
"624","Gabriola Island, United States"
"1112","Gainesville, United States"
"403","Gaithersburg, MD, United States"
"1187","Galapagar, Spain"
"843","Galax, VA, United States"
"549","Galway, Ireland"
"1295","Garden City Park, NY, United States"
"1138","Gardena, CA, United States"
"1135","Gardena, Calif, United States"
"1139","Gardena, Calif., United States"
"1142","Gardena, United States"
"266","Garsington, United Kingdom"
"661","Gauteng, South Africa"
"821","Gdynia, Poland"
"782","Geneva, Switzerland"
"163","Georgia, United States"
"67","Germany"
"829","Ghaziabad, India"
"1131","Gijon, Spain"
"1592","Gisborne, New Zealand"
"841","Gistrup, Denmark"
"778","Gland, Switzerland"
"1079","Glasgow, United Kingdom"
"684","Glebe, Australia"
"540","Glebe, NSW, Australia"
"1552","Glen Echo, United States"
"174","Glen Ellyn, IL, United States"
"222","Glen Ellyn, United States"
"1410","Glendale, CA, United States"
"991","Glienicke /Nordbahn, Germany"
"741","Gloucester, MA, United States"
"461","Gloucester, United Kingdom"
"1408","Gloucester, United States"
"639","Goettingen, Germany"
"1549","Goodwood, South Africa"
"457","Gordonsville, United States"
"388","Gorleston, United Kingdom"
"683","Gosford, Australia"
"827","Gosport, United Kingdom"
"1084","Gottingen, Germany"
"439","Granada, Spain"
"1265","Grand Haven, Mi"
"1244","Grand Haven, Mi, United States"
"1248","Grand Haven, Michigan"
"612","Grand Haven, Michigan, United States"
"23","Grand Haven, United States"
"87","Grand Rapids, United States"
"64","Grantsville, MD, United States"
"243","Gravesend, United Kingdom"
"649","Great Bardfield, United Kingdom"
"1196","Great Yarmouth, United Kingdom"
"970","Greece"
"699","Green Forest , AR, United States"
"506","Greenford, United Kingdom"
"856","Greensboro, NC, United States"
"1513","Greensboro, United States"
"109","Greenwich, United States"
"633","Greenwood Village, United States"
"808","Greenwood, Australia"
"160","Gretna, LA, United States"
"485","Grittleton, United Kingdom"
"1048","Gt Yarmouth, United Kingdom"
"1301","Guildford, United Kingdom"
"410","Guilford, United States"
"528","Guttenberg"
"531","Gwynedd, United Kingdom"
"800","Gwynnedd, United Kingdom"
"1548","Hackensack NJ, United States"
"412","Hadleigh, United Kingdom"
"971","Halifax, United Kingdom"
"1576","Hamble, United Kingdom"
"608","Hamburg, Germany"
"1126","Hamburg, United States"
"725","Hanover, PA, United States"
"230","Hanover, United States"
"1197","Hants, United Kingdom"
"1593","Happy Valley, SA, Australia"
"1611","Hargrave, United Kingdom"
"1283","Harley, United Kingdom"
"9","Harlow, United Kingdom"
"574","Harpenden, United Kingdom"
"583","Harrisburg, PA, United States"
"1585","Harrogate, United Kingdom"
"1569","Harrow, United Kingdom"
"1223","Haslemere, United Kingdom"
"369","Hastings, United Kingdom"
"1027","Hatfield, United Kingdom"
"363","Hauppauge, NY, United States"
"34","Hauppauge, United States"
"1554","Hawaii, United States"
"465","Hawkes Bay, New Zealand"
"292","Hawthorn, Australia"
"498","Hawthorn, VIC, Australia"
"644","Hawthorn, Victoria, Australia"
"1170","Haymarket, Australia"
"626","Heatherton, VIC, Australia"
"786","Heidelberg, Germany"
"1428","Helena, United States"
"406","Hemel Hempstead, United Kingdom"
"1069","Hercules, CA"
"1444","Herndon, United States"
"306","Hershey, United States"
"903","Hertfordshire, United Kingdom"
"705","Herts, United Kingdom"
"246","High Wycombe, United Kingdom"
"619","Highett, VIC, Australia"
"857","Highland Park, United States"
"1521","Highland, United States"
"1394","Hillsboro, Oregon, United States"
"1104","Hillsborough, United States"
"1497","Hingham, United States"
"880","Hitchin, United Kingdom"
"519","Hoboken, NJ, United States"
"89","Hoboken, United States"
"1086","Hod-Hasharon, Israel"
"364","Holbrook, MA, United States"
"441","Holbrook, United States"
"43","Holicog, United States"
"75","Hollywood, CA, United States"
"1525","Holne Publishing, United Kingdom"
"1436","Holt, MI, United States"
"1161","Hombrechtikon, Switzerland"
"308","Honesdale, United States"
"1103","Hong Kong"
"275","Hong Kong, Hong Kong"
"98","Honolulu, HI, United States"
"205","Honolulu, United States"
"1460","Horncastle, United Kingdom"
"400","Hornchurch, United Kingdom"
"833","Horsham, United Kingdom"
"1589","Houghton Le Spring, United Kingdom"
"1595","Houghton-le-Spring, United Kingdom"
"307","Houston, Tex."
"1311","Houston, United States"
"658","Houten, Netherlands"
"912","Hove, United Kingdom"
"545","Huddersfield, United Kingdom"
"1480","Hudson, OH, United States"
"66","Hungary"
"126","Huntingdon, United Kingdom"
"897","Huntington Beach, CA"
"359","Huntington Beach, CA, United States"
"794","Hyde, United Kingdom"
"19","IA, United States"
"599","IL, United States"
"1255","IN, United States"
"436","Ibadan, Nigeria"
"434","Ilford, United Kingdom"
"1430","Ilkley, United Kingdom"
"1476","Illanois, United States"
"890","Illinois, United States"
"451","Illovo, South Africa"
"1214","Ilminster, United Kingdom"
"317","India"
"755","Indiana, United States"
"518","Indianapolis, IN, United States"
"730","Indianapolis, United States"
"1202","Intercourse, United States"
"636","Iola, WI, United States"
"197","Iowa, United States"
"1535","Ipplepen, United Kingdom"
"884","Ipswich, MA, United States"
"846","Ipswich, United Kingdom"
"669","Ireland"
"1050","Irvine, CA, United States"
"455","Irvine, United States"
"1510","Isle of Man, United Kingdom"
"968","Ismaning, Germany"
"1030","Istanbul, Turkey"
"1450","Italy"
"77","Ithaca, United States"
"231","Jackson, United States"
"497","Jakarta, Indonesia"
"1076","Japan"
"1538","Jedburgh, United Kingdom"
"253","Jefferson, NC, United States"
"1107","Jersey City, NY, United States"
"269","Jerusalem, Israel"
"1286","Jinan, China"
"255","Johannesburg, South Africa"
"1562","Joshua Tree, United States"
"297","Jupiter, United States"
"947","Kalamazoo, MI, United States"
"606","Kalamazoo, United States"
"999","Kanagawa, Japan"
"1453","Kangaroo Point, Australia"
"430","Kansas City, United States"
"801","Kansas, United States"
"1360","Karachi, Pakistan"
"840","Katowice, Poland"
"674","Kempen, Germany"
"1563","Kempton, IL, United States"
"736","Kendal, United Kingdom"
"1586","Kenilworth, South Africa"
"1113","Kent Town, Australia"
"1608","Kent, OH, United States"
"225","Kent, United Kingdom"
"965","Kentucky, Greece"
"992","Kentucky, United Kingdom"
"1493","Kentucky, United States"
"708","Kew, VIC, Australia"
"799","Kielce, Poland"
"31","Kila, MT, United States"
"688","Kings Lynn, United Kingdom"
"1594","Kingsbridge, United Kingdom"
"647","Kingston, Jamaica"
"1129","Kingswood, SA, Australia"
"1375","Knutsford, United Kingdom"
"1541","Koln, Germany"
"37","Konigswinter, Germany"
"102","Krakow, Poland"
"1038","Kyoto, Japan"
"1019","LA, United States"
"910","Lagos, Nigeria"
"1063","Laguna Hills, CA, United States"
"1065","Laguna Hills, United States"
"1494","Lahaina, HI, United States"
"854","Lake Forest, CA"
"1478","Lake Mary, FL, United States"
"1472","Lake Mary, United States"
"1577","Lancashire, United Kingdom"
"860","Lancaster, United States"
"552","Lancs, United Kingdom"
"1294","Landisville, United States"
"1613","Lane Cove, Australia"
"958","Langley, Canada"
"303","Langport, United Kingdom"
"107","Lanham, MD, United States"
"110","Lanham, United States"
"838","Las Vegas, United States"
"788","Lawrence, United Kingdom"
"1010","Layton, UT, United States"
"762","Layton, United States"
"737","Leamington Spa, United Kingdom"
"373","Leamington Spa, United States"
"1046","Lebanon, United States"
"803","Leeds, United Kingdom"
"1234","Leeds, United States"
"634","Leesburg, United States"
"268","Leicester, United Kingdom"
"196","Leiden, Netherlands"
"1094","Leipzig, Germany"
"751","Lenexa, KS, United States"
"641","Leon, Espana, United States"
"772","Leuven, Belgium"
"815","Leverkusen, Germany"
"36","Lewes, United Kingdom"
"203","Lexington, United States"
"1242","Leybourne, United Kingdom"
"1483","Leyburn, United Kingdom"
"629","Liguori, United States"
"539","Lincoln"
"321","Lincoln, NE, United States"
"1276","Lincoln, United Kingdom"
"201","Lincoln, United States"
"885","Lincolnwood, United States"
"1401","Lindfield, Australia"
"206","Linton, United Kingdom"
"1215","Lisboa, Portugal"
"1183","Lisbon, Portugal"
"1021","Little Rock, United States"
"527","Liverpool, United Kingdom"
"1534","Llandysul, United Kingdom"
"1519","Llangollen, United Kingdom"
"1400","Lleida, United States"
"281","Loanhead, United Kingdom"
"934","Logan, United States"
"190","London, England, United Kingdom"
"1","London, United Kingdom"
"4","London, United States"
"1601","Longley, United Kingdom"
"1077","Longmont, CO, United States"
"666","Longwood FL, United States"
"389","Los Altos, CA, United States"
"347","Los Angeles, CA, United States"
"462","Los Angeles, United States"
"806","Loughborough, United Kingdom"
"1240","Louisville, CO, United States"
"1475","Louisville, KY, United States"
"789","Louisville, United States"
"714","Loveland, CO, United States"
"1499","Loveland, United States"
"139","Lublin, Poland"
"547","Lucan, Ireland"
"1198","Lucerne, Switzerland"
"1092","Ludenscheid, Germany"
"842","Lund, Sweden"
"960","Luton, United Kingdom"
"366","Lydney, United Kingdom"
"472","Lyme, NH, United States"
"709","Lynnwood, WA, United States"
"1307","Lytham St Annes, United Kingdom"
"481","MA, United States"
"579","MI, Italy"
"146","MN, United States"
"964","Macatera, Italy"
"993","Macquarie, NSW, Australia"
"302","Madison, CT, United States"
"1320","Madison, United States"
"642","Madison, WI, United States"
"119","Madrid, Spain"
"458","Madrid, Spain, Spain"
"695","Madrid, United Kingdom"
"1125","Madrid, United States"
"769","Mahwah, United States"
"1258","Maidenhead, United Kingdom"
"1377","Maidenhead, United States"
"817","Mainz, Germany"
"1078","Malmo, Sweden"
"1247","Malvern, Australia"
"1042","Malvern, United Kingdom"
"334","Manchester, United Kingdom"
"122","Mankato, MN, United States"
"279","Mankato, United States"
"892","Mannassas Park, VA, United States"
"484","Mansfield Centre, CT"
"1111","Mantova, Italy"
"191","Maplewood, United States"
"1526","March, United Kingdom"
"771","Marco, United States"
"1212","Marietta, Georgia, United States"
"543","Marietta, United States"
"936","Marina Del Rey, CA, United States"
"164","Market Harborough, United Kingdom"
"679","Markfield, United Kingdom"
"381","Markham, Canada"
"967","Marrickville, Australia"
"1349","Maryknoll, NY"
"171","Mason, OH, United States"
"216","Mason, United States"
"155","Massachusetts, United States"
"1345","Masterton, New Zealand"
"1239","Mataró, Spain"
"868","Materials Park, OH, United States"
"1199","Matieland, South Africa"
"1516","Matraville, NSW, Australia"
"1005","Mechanicsburg, Pennsylvania, United States"
"870","Mechanicsburg, United States"
"1115","Meguro-Ku, Japan"
"393","Melbourne, Australia"
"312","Melbourne, FL, United States"
"535","Melbourne, VIC, Australia"
"1363","Melksham, United Kingdom"
"473","Memphis, TN, United States"
"466","Menlo Park, CA, United States"
"879","Menlo Park, United States"
"1604","Merseyside, United Kingdom"
"746","Mexico"
"129","Mexico City, Mexico"
"507","Mexico City, Mexico, Mexico"
"775","Miami"
"322","Miami, United States"
"1352","Middle Park, Australia"
"554","Middlesborough, United Kingdom"
"1169","Middlesex, United Kingdom"
"427","Middletown, United States"
"220","Milan, Italy"
"117","Milano, Italy"
"1567","Milledgeville, GA"
"395","Millers Point, Australia"
"796","Milsons Point, Australia"
"314","Milton Keynes, United Kingdom"
"391","Milton, QLD, Australia"
"726","Milwaukee, United States"
"33","Milwaukee, WI, United States"
"1085","Milwaukie, United States"
"1061","Mineola, NY, United States"
"1221","Minneapolis, MN"
"271","Minneapolis, MN, United Kingdom"
"1293","Minneapolis, MN, United States"
"713","Minneapolis, Minnesota, United States"
"131","Minneapolis, United States"
"288","Minnesota, United States"
"374","Minnetonka, United States"
"1210","Minocqua, United States"
"770","Mission, KS, United States"
"1616","Mississauga, Canada"
"1176","Missoula, United States"
"739","Missouri, United States"
"1524","Mold, United Kingdom"
"418","Mona Vale, Australia"
"611","Monash, VIC, Australia"
"1090","Mongkok, Hong Kong"
"181","Monroe, OR, United States"
"717","Monterey, United Kingdom"
"673","Monterey, United States"
"1546","Montgomery, AL, United States"
"877","Montgomery, United States"
"62","Montreal, Canada"
"422","Montreal, Canada, United States"
"1277","Montrouge, France"
"1418","Moray, United Kingdom"
"227","Morganstown, United States"
"1582","Morgantown, WV, United States"
"978","Morpeth, United Kingdom"
"489","Morrisville, United States"
"157","Morton Grove, United States"
"1332","Much Wenlock, United Kingdom"
"445","Mulgrave, VIC, Australia"
"415","Mulgrave, Victoria, Australia"
"1305","Mullumbimby, Australia"
"239","Mullumbimby, NSW, Australia"
"886","Mumbai, India"
"184","Munchen, Germany"
"219","Munich, Germany"
"834","Munich, United States"
"1292","Móstoles (Madrid), Spain"
"881","NJ"
"869","NJ, United States"
"1427","NM, United States"
"1455","NSW, Australia"
"199","NY, United States"
"896","Nagar Meerut, India"
"592","Namur, Belgium"
"93","Naperville, United States"
"1308","Napier, New Zealand"
"604","Nashville, TN, United States"
"178","Nashville, Tennessee, United States"
"169","Nashville, United States"
"365","Natick, United States"
"1241","Navato, United States"
"558","Nebraska, United States"
"906","Needham Heights, MA, United States"
"195","Netherlands"
"1219","Neunkirchen-Seelscheid, Germany"
"198","Nevada City, CA, United States"
"1454","Nevada, United States"
"433","New Alresford, United Kingdom"
"1252","New Barnet, United Kingdom"
"847","New Brunswick NJ, United States"
"54","New Brunswick, NJ, United States"
"1134","New Castle, United States"
"1574","New Cumberland, PA, United States"
"555","New Dehli, India"
"94","New Delhi, India"
"149","New Haven, CT, United States"
"734","New Haven, United States"
"1366","New Haven, [Conn.], United States"
"96","New Jersey, United States"
"541","New Malden, United Kingdom"
"1419","New Milford, United States"
"1433","New Romney, United Kingdom"
"91","New South Wales, Australia"
"13","New York"
"293","New York City, United States"
"1067","New York, Australia"
"1075","New York, Belgium"
"277","New York, Canada"
"618","New York, NY"
"979","New York, NY, Australia"
"716","New York, NY, India"
"105","New York, NY, United Kingdom"
"6","New York, NY, United States"
"1009","New York, Poland"
"1180","New York, Switzerland"
"18","New York, United Kingdom"
"2","New York, United States"
"175","New Zealand"
"1033","Newberg, United States"
"1543","Newbury Park, United States"
"208","Newbury, United Kingdom"
"614","Newcastle upon Tyne, United Kingdom"
"1341","Newcastle, United Kingdom"
"1203","Newcastle-Upon-Tyne, United Kingdom"
"114","Newmarket, United Kingdom"
"1387","Newport, NSW, Australia"
"1571","Newport, United Kingdom"
"330","Newton Abbot, United Kingdom"
"1532","Newton, United States"
"1422","Newtown, Australia"
"876","Newtown, PA"
"1392","Newtown, PA, United States"
"1110","Newtown, United States"
"1384","Nieuwegein, Netherlands"
"1062","Nijlen, Belgium"
"1323","Niwot, CO, United States"
"311","Noida, India"
"150","Norderstedt, Germany"
"1509","Norfolk, United Kingdom"
"593","Normal, IL, United States"
"380","North Adams, United States"
"1273","North Bergen,NJ, United States"
"1218","North Branch, United States"
"138","North Carolina, United States"
"52","North Charleston SC, United States"
"1364","North Charleston, S.C."
"1347","North Fremantle, WA, Australia"
"248","North Mankato, MN, United States"
"738","North Melbourne, Australia"
"1108","North Point, Hong Kong"
"384","North Pomfret, United States"
"45","North Pomfret, VT"
"1064","North Pomfret, Vermont, United Kingdom"
"414","North Potomac, MD, United States"
"476","North Sydney, Australia"
"651","North Sydney, NSW, Australia"
"442","North Vancouver, Canada"
"681","North Yorkshire, United Kingdom"
"1226","Northampton, United States"
"1303","Northamptonshire, United Kingdom"
"361","Northcliff, South Africa"
"953","Northvale NJ, United States"
"104","Northwich, United Kingdom"
"189","Norwich, United Kingdom"
"686","Norwich, United States"
"316","Norwood, United States"
"697","Notre Dame IN, United States"
"852","Notre Dame, IN, United States"
"47","Nottingham, United Kingdom"
"732","Novato"
"424","Novato, CA, United States"
"1097","Novato, United States"
"326","OH, United States"
"983","ON, Canada"
"218","OR, United States"
"1356","Oakland"
"450","Oakland, CA, United States"
"294","Oakland, United States"
"185","Oakville, Canada"
"526","Oberlin, United States"
"470","Ocala"
"407","Ocala, United States"
"930","Odense, Denmark"
"125","Ohio, United States"
"512","Oklahoma, United States"
"8","Old Saybrook, CT, United States"
"1256","Old Saybrook, United Kingdom"
"630","Old Saybrook, United States"
"895","Old Tappan, United States"
"721","Oldendorf/Luhe, Germany"
"1468","Oldham, United Kingdom"
"740","Olen, Belgium"
"1278","Olszanica, Poland"
"350","Olympia, United States"
"1385","Omaha, United States"
"111","Ontario, Canada"
"1447","Oostkamp, Belgium"
"325","Opole, Poland"
"475","Orlando, United States"
"542","Orleans, United States"
"1313","Osceola, United States"
"494","Osielsko, Poland"
"1073","Ostfildern, Germany"
"280","Ottawa, Canada"
"900","Ovocny, Czech Republic"
"1105","Owings Mills, United States"
"1269","Oxford, England, United States"
"10","Oxford, United Kingdom"
"932","Oxford, United States"
"562","Oxnard, United States"
"969","Oxon, United Kingdom"
"319","PA, United States"
"474","Paddington, Australia"
"1434","Padstow, United Kingdom"
"1124","Paducah, KY, United States"
"1011","Paducah, United States"
"1321","Paignton, United Kingdom"
"948","Pakistan"
"1318","Palm Desert, CA, United States"
"949","Palm Desert, United States"
"1443","Palma, Spain"
"71","Palo Alto, United States"
"610","Pamplona (Navarra), Spain"
"911","Pamplona/Iruñea, Spain"
"1220","Paradeso, United States"
"38","Paris, France"
"1102","Paris, Netherlands"
"926","Paris, United Kingdom"
"1096","Paris, United States"
"250","Parker CO, United States"
"1570","Parkes, ACT, Australia"
"499","Pasadena, United States"
"1280","Peaslake, United Kingdom"
"975","Peking, China"
"1167","Pelplin, Poland"
"1559","Pembroke Dock, United Kingdom"
"1386","Pencaitland, United Kingdom"
"551","Pennsauken, United States"
"733","Pennsylvania, United States"
"569","Penrith, United Kingdom"
"1431","Perth, United Kingdom"
"1389","Petaluma, CA, United States"
"505","Peterborough, Canada"
"557","Peterborough, United Kingdom"
"1547","Peterborough, United States"
"408","Petersfield, United Kingdom"
"828","Philadelphia PA, United States"
"596","Philadelphia, PA, United States"
"168","Philadelphia, United Kingdom"
"58","Philadelphia, United States"
"437","Phoenix AZ, United States"
"1459","Phoenix, AZ, United States"
"1600","Phoenix, United States"
"247","Pieterlen, Switzerland"
"1371","Pisa, Italy"
"859","Piscataway NJ, United States"
"1381","Piscataway, NJ, United States"
"889","Piscataway, United States"
"513","Pittsburgh PA, United States"
"559","Pittsburgh, United States"
"1581","Place of publication not identified"
"1500","Plano, United States"
"1052","Plymouth, United Kingdom"
"1145","Point Reyes Station, United States"
"90","Poland"
"1186","Pontevedra, Spain"
"1271","Poole, United Kingdom"
"1438","Port Orchard, United States"
"784","Portland, ME"
"565","Portland, OR, United States"
"873","Portland, Ore"
"1039","Portland, United Kingdom"
"375","Portland, United States"
"678","Porto, Portugal"
"1587","Portsmouth, United Kingdom"
"81","Portsmouth, United States"
"939","Portugal"
"420","Pound Ridge, United States"
"226","Poznan, Poland"
"1166","Poznan, United States"
"236","Pozuelo de Alarcon, Spain"
"357","Prague 2, Czech Republic"
"500","Prague, Czech Republic"
"448","Prahran, VIC, Australia"
"663","Pretoria, South Africa"
"590","Princeton, United States"
"728","Providence, United States"
"1270","Provo, United States"
"1506","Pulborough, United Kingdom"
"1473","Putney, NSW, Australia"
"743","Pwlheli, United Kingdom"
"1259","Pymble, NSW, Australia"
"761","Quebec, Canada"
"1300","Racibórz, Poland"
"463","Radnor, United States"
"835","Raleigh, United States"
"349","Ramsbury, United Kingdom"
"1179","Ramsgate, United Kingdom"
"935","Randburg, South Africa"
"977","Rapallo, Italy"
"337","Raymond Terrace, Australia"
"1156","Reading, MA, United States"
"534","Reading, United Kingdom"
"1262","Rearsby, United Kingdom"
"1191","Redmire, United Kingdom"
"65","Regina, Canada"
"804","Reno, NV, United States"
"759","Research Triangle Park, United States"
"133","Reston, United States"
"1322","Retford, United Kingdom"
"1456","Richmond Hill, Ont."
"1128","Richmond Hill, United States"
"272","Richmond, BC, Canada"
"561","Richmond, CA, United States"
"1299","Richmond, Surrey, United Kingdom"
"508","Richmond, United Kingdom"
"685","Richmond, VA, Australia"
"511","Riverdale, United States"
"1250","Riverside, United States"
"1275","Riyadh, Saudi Arabia"
"177","Rochdale, United Kingdom"
"556","Rochester, NY, United States"
"1498","Rochester, United Kingdom"
"529","Rochester, United States"
"731","Rochester, VT, United States"
"920","Rockhampton, Australia"
"1515","Rockhampton, QLD, Australia"
"851","Rockland, MA, United States"
"1342","Rocklin, United States"
"514","Rockport, United States"
"798","Rockville, MD, United States"
"550","Rockville, Md., United States"
"313","Rockville, United States"
"1362","Rolling Meadows, United States"
"972","Roma, Italy"
"214","Rome, Italy"
"1579","Romford, United Kingdom"
"137","Ropley, United Kingdom"
"370","Rosanna, Australia"
"905","Roseland, NJ, United States"
"575","Ross-on-Wye, United Kingdom"
"194","Rotterdam, Netherlands"
"587","Royal Exchange, Australia"
"1518","Ruddington, United Kingdom"
"1512","Rudston, United Kingdom"
"419","Rugby, United Kingdom"
"1464","Runcorn, QLD, Australia"
"1032","Runnemede, United States"
"1561","Ruthin, United Kingdom"
"417","Rzeszów, Poland"
"1072","SC, United States"
"41","Saarbrucken, Germany"
"1119","Sabadell, Spain"
"1361","Saffron Walden, United Kingdom"
"1289","Saint Cloud, United States"
"657","Saint Louis, MO, United States"
"962","Saint Louis, United States"
"1489","Saint Paul, United States"
"998","Saitama, Japan"
"1049","Salem, MA"
"1095","Salenstein, Switzerland"
"1565","Salisbury, United Kingdom"
"387","Salt Lake City, United States"
"49","Salt Lake City, Utah, United States"
"823","Saltaire, United Kingdom"
"1168","Saltdean, United Kingdom"
"1035","Salzburg, Austria"
"242","San Andrea delle Fratte, Italy"
"1424","San Antonio, TX, United States"
"1140","San Antonio, Texas, United States"
"1314","San Antonio, United States"
"263","San Diego, CA, United States"
"72","San Diego, United States"
"1133","San Francisco, CA, United Kingdom"
"676","San Francisco, CA, United States"
"145","San Francisco, United States"
"622","San Jose, CA, United Kingdom"
"812","San Rafael, CA, United States"
"342","San Rafael, United States"
"607","Sandpoint, United States"
"754","Sanger, CA, United States"
"1040","Sant Adria se Besos, Spain"
"623","Santa Barbara, United States"
"849","Santa Fe, NM, United States"
"421","Santa Fe, United States"
"183","Santa Monica, CA, United States"
"1141","Santa Monica, United States"
"963","Sarasota"
"861","Sausalito, United States"
"1227","Scotland, United Kingdom"
"379","Scotts Valley, CA, United States"
"933","Scotts Valley, United States"
"1496","Scottsdale, AZ, United States"
"112","Scottsdale, United States"
"516","Scottsville, Kwazulu-Natal, South Africa"
"588","Scranton, United States"
"749","Seaside, OR"
"132","Seattle, United States"
"396","Seattle, WA, United States"
"576","Sebastopol, United States"
"615","Secaucus, United States"
"1137","Seoul, South Korea"
"530","Sevilla, Spain"
"571","Shah Alam Selangor, Malaysia"
"1165","Shanghai, China"
"301","Sheffield, United Kingdom"
"1348","Shelburne, United States"
"1211","Shelley, WA, Australia"
"1346","Shelton, United States"
"1013","Shepparton, Australia"
"923","Shrewsbury, United Kingdom"
"1573","Shropshire, United Kingdom"
"1507","Sidney, OH"
"830","Sim Valley, CA, United States"
"1222","Simi Valley"
"858","Singapore"
"30","Singapore, Singapore"
"1117","Siracusa, Italy"
"591","Sisters, United States"
"1597","Skipton, United Kingdom"
"161","Skokie, IL, United States"
"1379","Slough, United Kingdom"
"1060","Snohomish, United States"
"1101","Soho, United Kingdom"
"362","Solihull, United Kingdom"
"383","Somerset, United Kingdom"
"680","Somerset, United States"
"722","Somerville, Mass."
"259","Somerville, United States"
"764","Sopot, Poland"
"1209","South Africa"
"1148","South Brisbane, Australia"
"1297","South Carolina, United States"
"1327","South Caulfield, Australia"
"1421","South Egremont, United States"
"1485","South Korea"
"816","South Melbourne, Australia"
"1177","South San Francisco, United States"
"1282","South Tamworth, NSW, Australia"
"432","South Yarra, Australia"
"1343","South Yarra, VIC, Australia"
"839","South Yorkshire, United Kingdom"
"405","Southam, United Kingdom"
"809","Southampton, United Kingdom"
"56","Spain"
"425","Spain, Spain"
"1263","Sparkford, United Kingdom"
"836","Spridlington, United Kingdom"
"1578","Spring City, United States"
"995","Springfield, United States"
"397","Springwood, Queensland, Australia"
"974","St Albans, United Kingdom"
"524","St Andrews, United Kingdom"
"956","St Annes, United Kingdom"
"899","St Helena, United States"
"915","St Helens, United Kingdom"
"617","St Leonards, Australia"
"213","St Louis, United States"
"589","St Lucia, Australia"
"324","St Paul, MN, United States"
"332","St Paul, United States"
"715","St. Catharines"
"671","St. Catharines, Ontario, United States"
"1359","St. Helena, United States"
"973","St. Petersburg, Russian Federation"
"922","St.Leonards, Australia"
"1147","Sta Venera, Malta"
"989","Staffanstorp, Sweden"
"1461","Stamford, United Kingdom"
"1376","Stamford, United States"
"1264","Stanford, CA, United States"
"807","Stanford, United States"
"703","Stanwood, United States"
"1146","Stcokholm, Sweden"
"1008","Sterling Forest, United States"
"315","Sterling, VA, United States"
"173","Stevenage, United Kingdom"
"538","Stillwater, United States"
"927","Stirling, United Kingdom"
"924","Stockholm, Sweden"
"1163","Stockport, United Kingdom"
"928","Stoke-on-Trent, United Kingdom"
"1403","Strachan, Australia"
"902","Strasbourg, France"
"1482","Stratford Upon Avon, United Kingdom"
"1317","Strathfield, Australia"
"358","Stroud, United Kingdom"
"1514","Studfield, VIC, Australia"
"1004","Studio City, United States"
"336","Stuttgart, Germany"
"1382","Stuttgart, Germany, Australia"
"1173","Stuttgart, Germany, Germany"
"855","Sudbury, United States"
"323","Suffolk, United Kingdom"
"170","Suffolk, United States"
"1088","Sulgen, Switzerland"
"727","Sumene, France"
"1495","Sunderland, United Kingdom"
"1467","Sunshine City, United States"
"609","Sunvalley, South Africa"
"1612","Surrey BC, Canada"
"282","Surrey, Canada"
"711","Surrey, United Kingdom"
"1029","Surry Hills, Australia"
"1551","Surry Hils, Australia"
"1508","Sutton Coldfield, United Kingdom"
"1028","Sutton, United Kingdom"
"1492","Suwanee, United States"
"1082","Sweden"
"501","Swindon, United Kingdom"
"689","Switzerland"
"1093","Switzerland, Switzerland"
"871","Swoope, Va, United States"
"32","Sydney, Australia"
"341","Sydney, NSW, Australia"
"193","Sywell, United Kingdom"
"1159","TN, India"
"1351","TN, United States"
"777","TX, United States"
"1502","Tadley, United Kingdom"
"1429","Tadworth, United Kingdom"
"638","Tain, United Kingdom"
"254","Talybont, United Kingdom"
"116","Tampa, United States"
"954","Tanzania"
"1249","Taos, NM, United States"
"1304","Tarrytown, United States"
"310","Taunton, United Kingdom"
"564","Tavistock, United Kingdom"
"940","Tennessee, United States"
"632","Tenterden, United Kingdom"
"1106","Terrey Hills, Australia"
"404","Texas, United States"
"1193","Thailand"
"655","Thatcham, United Kingdom"
"648","Thaxted, United Kingdom"
"1448","The Hague, Netherlands"
"1002","The Woodlands, United States"
"1522","Thornton Cleveleys, United Kingdom"
"1281","Thorofare, United States"
"1486","Thorverton, United Kingdom"
"20","Thousand Oaks, United States"
"1388","Thurlby, United Kingdom"
"1087","Tielt, Belgium"
"452","Tilehurst, United Kingdom"
"1338","Toadsmoor Road, United Kingdom"
"692","Tokyo, Japan"
"756","Tokyo, United Kingdom"
"1488","Tolpuddle, United Kingdom"
"1057","Tommerup, Denmark"
"1257","Tonball, United States"
"478","Toowong, QLD, Australia"
"320","Topeka, United States"
"148","Torino, Italy"
"233","Toronto, Canada"
"290","Toronto, Canada, Canada"
"1425","Toronto, ON, Canada"
"386","Toronto, Ontario"
"1557","Torquay, United Kingdom"
"945","Torrance, CA, United States"
"598","Torun, Poland"
"1171","Torun, United States"
"643","Totowa, NJ, United States"
"984","Trenton, United States"
"398","Trieste, Italy"
"1330","Trinity Beach, QLD, Australia"
"343","Tsuen Wan, Hong Kong"
"875","Tucson, AZ, United States"
"440","Tucson, United States"
"1402","Tuebingen, Germany"
"454","Tullamarine, Australia"
"766","Tulsa, Oklahoma, United States"
"724","Tulsa, United States"
"3","Tunbridge Wells, United Kingdom"
"1205","Turbingen, Germany"
"729","Turnhout, Belgium"
"1420","Turnhout, United States"
"904","Tuscon, United States"
"100","Twickenham, United Kingdom"
"1606","Twin Waters, QLD, Australia"
"456","Tyne and Wear, United Kingdom"
"1523","Tywyn, United Kingdom"
"1474","USA"
"744","Uhrichsville"
"1207","Uhrichsville, OH, United States"
"750","Uhrichsville, United States"
"1487","Union City, CA, United States"
"1505","Uniontown, United States"
"22","United Kingdom"
"1319","United Kingdom, United Kingdom"
"21","United States"
"1155","University Park, United States"
"853","Upper Saddle River, NJ, United States"
"217","Upper Saddle River, United States"
"893","Uppsala, Sweden"
"258","Urbana-Champaign, IL, United Kingdom"
"1034","Urbandale, United States"
"97","Usk, United Kingdom"
"790","VA, United States"
"1267","VIC, Australia"
"723","VT, United States"
"165","Valencia, Spain"
"862","Valencia, United States"
"1572","Valletta, Malta"
"154","Vancouver, BC"
"182","Vancouver, Canada"
"1178","Vanves, France"
"1335","Venice, CA"
"1568","Vercelli, Italy"
"372","Vermont, United States"
"760","Victoria, Australia"
"202","Victoria, Canada"
"210","Vienna, Austria"
"1216","Vilanova i la Geltrú, Spain"
"1602","Vimodrone, Italy"
"1274","Virginia, United States"
"1189","Vitoria-Gasteiz, Spain"
"278","WA, United States"
"1339","WI, United States"
"1416","Wabern, Switzerland"
"1123","Wabern-Bern, Switzerland"
"17","Waco, TX, United States"
"328","Waco, United States"
"546","Wales, United Kingdom"
"11","Wallingford, United Kingdom"
"980","Wallingford, United States"
"1044","Walnut Creek, United States"
"941","Walsall, United Kingdom"
"1540","Walterville, United States"
"1471","Walton on Thames, United Kingdom"
"1553","Ware, United Kingdom"
"665","Wareham, United Kingdom"
"1160","Warnsveld, Netherlands"
"792","Warrendale, Pittsburgh, United States"
"120","Warrendale, United States"
"479","Warriewood, Australia"
"428","Warrington, United Kingdom"
"179","Warszawa, Poland"
"1164","Warszawa, United States"
"1536","Warwickshire, United Kingdom"
"718","Washington D.C., United States"
"298","Washington DC, United States"
"620","Washington, D.C, United States"
"631","Washington, D.C., United States"
"780","Washington, DC"
"276","Washington, DC, United Kingdom"
"228","Washington, DC, United States"
"252","Washington, United States"
"1059","Waterford, Canada"
"553","Waterloo, Ontario, Canada"
"704","Watertown, United States"
"291","Waterville, ME, United States"
"401","Watford, United Kingdom"
"883","Wauconda, United States"
"1055","Waukesha, United States"
"1233","Weardale, United Kingdom"
"656","Weinheim, Germany"
"690","Weisbaden, Germany"
"503","Wellington, New Zealand"
"1462","Wellington, United Kingdom"
"1354","Weltevreden Park, South Africa"
"449","Welwyn Garden City, United Kingdom"
"1316","Welwyn, United Kingdom"
"209","West Bromwich, United Kingdom"
"702","West Caldwell, United States"
"986","West Hartford, CT, United States"
"668","West Hollywood, United States"
"490","West Lafayette, United States"
"758","West Sussex, United Kingdom"
"946","West Yorkshire, United Kingdom"
"1435","Westerham, United Kingdom"
"229","Westminster, United States"
"69","Westport, United States"
"1175","Wetherill Park BC, NSW, Australia"
"1479","Weymouth, United Kingdom"
"510","Wheaton, IL, United States"
"720","Wheaton, United States"
"1452","White Plains, United States"
"653","White River Junction, United States"
"1370","Whitefish MT, United Kingdom"
"26","Whitefish MT, United States"
"768","Whitefish, United States"
"460","Whiteknights, United Kingdom"
"1149","Whitley Bay, United Kingdom"
"795","Wiesbaden, Germany"
"700","Williamston, MA, United States"
"1204","Willowdale, Canada"
"584","Wilmington, United States"
"1560","Wilmslow, United Kingdom"
"265","Wilsonville, United States"
"1231","Wiltshire, United Kingdom"
"1023","Wimbledon, United Kingdom"
"143","Wimborne Minster, United Kingdom"
"113","Winchester, United Kingdom"
"1491","Wingfield, Australia"
"517","Winnersh, United Kingdom"
"1232","Winnipeg, Canada"
"141","Wisconsin, United States"
"532","Witney, United Kingdom"
"662","Woburn, United States"
"1465","Woking, United Kingdom"
"1575","Wokingham, United Kingdom"
"981","Woodbridge, United Kingdom"
"40","Woodinville, United States"
"742","Woodlands Hills, United States"
"382","Woodstock, United States"
"888","Woolahra, NSW, Australia"
"515","Woolombi, Australia"
"1070","Worcester, United Kingdom"
"1312","Worcester, United States"
"909","Worthington, United States"
"1298","Wołowiec, Poland"
"765","Wrocław, Poland"
"1288","Wrocław, United States"
"1051","Wuerzburg, Germany"
"1353","Yardley, United States"
"712","Yarmouth Port, United States"
"1590","Yarraville, Australia"
"1254","Yeovil, United Kingdom"
"1310","Yonkers, United States"
"752","York, Maine, United States"
"482","Yorkshire, United Kingdom"
"1185","Zaragoza, Spain"
"1372","Zeist, Netherlands"
"1068","Zionsville, United States"
"1395","Zuidpoolsingel, Netherlands"
"245","Zurich, Switzerland"
"1172","Zwolle, Netherlands"
"1253","[Ashland, Or.]"
"1333","[Ashland, Oregon]"
"831","[Beaumont, Tex.]"
"1017","[Collierville, TN]"
"785","[New York, N.Y.]"
"1566","[North Charleston, S.C.]"
"628","[North Charleston, SC"
"864","[North Charleston, South Carolina]"
"378","[Place of publication not identified]"
"1236","[Place of publication not identified], United Kingdom"
"1426","[S.l.]"
"1237","[S.l.], Canada"
"845","[United States]"
"1406","[United States], United States"
"747","[Whitestone, NY], United Kingdom"
"504","isle of Lewis, United Kingdom"
"1184","sant feliu de guixols, Spain"
"108","Łodż, Poland"
"1285","Łodż, United States"
"691","Москва, United States"
